{
  "main": {
    "id": "598537ee9e01a2d9",
    "type": "split",
    "children": [
      {
        "id": "475c5b620c88f4f3",
        "type": "tabs",
        "children": [
          {
            "id": "d1457c363f207182",
            "type": "leaf",
            "state": {
              "type": "markdown",
              "state": {
                "file": "ReadMe.md",
                "mode": "preview",
                "source": true,
                "backlinks": false
              },
              "icon": "lucide-file",
              "title": "ReadMe"
            }
          },
          {
            "id": "904fc2903f77d600",
            "type": "leaf",
            "state": {
              "type": "zk-index-type",
              "state": {},
              "icon": "ghost",
              "title": "zk-index-graph"
            }
          },
          {
            "id": "93c2a07110d31d10",
            "type": "leaf",
            "state": {
              "type": "markdown",
              "state": {
                "file": "zettels/9.8.md",
                "mode": "preview",
                "source": true,
                "backlinks": false
              },
              "icon": "lucide-file",
              "title": "9.8"
            }
          }
        ]
      }
    ],
    "direction": "vertical"
  },
  "left": {
    "id": "bb309241446ff06b",
    "type": "split",
    "children": [
      {
        "id": "255cc5a59907103a",
        "type": "tabs",
        "children": [
          {
            "id": "52aed1df4cba437e",
            "type": "leaf",
            "state": {
              "type": "file-explorer",
              "state": {
                "sortOrder": "alphabetical",
                "autoReveal": false
              },
              "icon": "lucide-folder-closed",
              "title": "Files"
            }
          },
          {
            "id": "185f6262d5d22de8",
            "type": "leaf",
            "state": {
              "type": "bookmarks",
              "state": {},
              "icon": "lucide-bookmark",
              "title": "Bookmarks"
            }
          },
          {
            "id": "ac9bde89add53042",
            "type": "leaf",
            "state": {
              "type": "search",
              "state": {
                "query": "tag:#ZK/tree",
                "matchingCase": false,
                "explainSearch": false,
                "collapseAll": false,
                "extraContext": false,
                "sortOrder": "alphabetical"
              },
              "icon": "lucide-search",
              "title": "Search"
            }
          }
        ]
      }
    ],
    "direction": "horizontal",
    "width": 235.5
  },
  "right": {
    "id": "998f03b93f756aa8",
    "type": "split",
    "children": [],
    "direction": "horizontal",
    "width": 349.5,
    "collapsed": true
  },
  "left-ribbon": {
    "hiddenItems": {
      "switcher:Open quick switcher": true,
      "graph:Open graph view": true,
      "canvas:Create new canvas": true,
      "templates:Insert template": true,
      "command-palette:Open command palette": true,
      "zettelkasten-navigation:open zk-index-graph": false,
      "zettelkasten-navigation:open zk-local-graph": false
    }
  },
  "active": "d1457c363f207182",
  "lastOpenFiles": [
    "zettels/9.8.md",
    "ReadMe.md",
    "keywords/Zettelkasten.md",
    "zettels/9.8,1.md",
    "zettels/9.8a.md",
    "Untitled.md",
    "test.md",
    "zettels/9.8a1.md",
    "keywords",
    "zettels/9.8e.md",
    "zettels/9.8j.md",
    "zettels/9.8i.md",
    "zettels/9.8h.md",
    "zettels/9.8g.md",
    "zettels/9.8f.md",
    "zettels/9.8d.md",
    "zettels/9.8c.md",
    "zettels/9.8b2.md",
    "zettels/9.8b1.md",
    "zettels/9.8b.md",
    "zettels/9.8a2.md",
    "zettels/9.8,3.md",
    "zettels/9.8,2.md",
    "zettels",
    "3_Permanent Notes/test note B.md",
    "5_Structures/Fogelzettel - Index.md",
    "3_Permanent Notes/test note A.md",
    "2024-12-12 11.05.58.canvas",
    "2024-12-12 11.06.10.canvas",
    "2024-12-12 11.05.46.canvas",
    "2024-12-12 11.05.24.canvas",
    "5_Structures",
    "3",
    "3_Permanent Notes",
    "2024-12-05 11.48.17.canvas",
    "2024-12-05 11.48.48.canvas",
    "2024-12-05 09.39.13.canvas",
    "2024-12-01 16.29.12.canvas",
    "2024-12-01 15.53.08.canvas",
    "2024-11-30 22.55.17.canvas",
    "Templates/主笔记模板1.md",
    "Templates",
    "index",
    "3_Permanent Notes",
    "Case1",
    "Case3"
  ]
}