{
  "main": {
    "id": "598537ee9e01a2d9",
    "type": "split",
    "children": [
      {
        "id": "16ac831e46efd790",
        "type": "tabs",
        "children": [
          {
            "id": "a80ffbef40d09193",
            "type": "leaf",
            "state": {
              "type": "markdown",
              "state": {
                "file": "ReadMe.md",
                "mode": "preview",
                "backlinks": false,
                "source": true
              },
              "icon": "lucide-file",
              "title": "ReadMe"
            }
          },
          {
            "id": "6a93f48bf4d94fb8",
            "type": "leaf",
            "state": {
              "type": "zk-index-type",
              "state": {},
              "icon": "ghost",
              "title": "zk-index-graph"
            }
          }
        ],
        "currentTab": 1
      }
    ],
    "direction": "vertical"
  },
  "left": {
    "id": "bb309241446ff06b",
    "type": "split",
    "children": [
      {
        "id": "255cc5a59907103a",
        "type": "tabs",
        "children": [
          {
            "id": "52aed1df4cba437e",
            "type": "leaf",
            "state": {
              "type": "file-explorer",
              "state": {
                "sortOrder": "alphabetical"
              },
              "icon": "lucide-folder-closed",
              "title": "Files"
            }
          },
          {
            "id": "185f6262d5d22de8",
            "type": "leaf",
            "state": {
              "type": "bookmarks",
              "state": {},
              "icon": "lucide-bookmark",
              "title": "Bookmarks"
            }
          },
          {
            "id": "ac9bde89add53042",
            "type": "leaf",
            "state": {
              "type": "search",
              "state": {
                "query": "tag:#ZK/tree",
                "matchingCase": false,
                "explainSearch": false,
                "collapseAll": false,
                "extraContext": false,
                "sortOrder": "alphabetical"
              },
              "icon": "lucide-search",
              "title": "Search"
            }
          }
        ]
      }
    ],
    "direction": "horizontal",
    "width": 300
  },
  "right": {
    "id": "998f03b93f756aa8",
    "type": "split",
    "children": [
      {
        "id": "75a1fdf782faec87",
        "type": "tabs",
        "children": [
          {
            "id": "aadf6d01083fab78",
            "type": "leaf",
            "state": {
              "type": "zk-recent-type",
              "state": {},
              "icon": "history",
              "title": "recent retrieval"
            }
          }
        ]
      }
    ],
    "direction": "horizontal",
    "width": 349.5,
    "collapsed": true
  },
  "left-ribbon": {
    "hiddenItems": {
      "switcher:Open quick switcher": true,
      "graph:Open graph view": true,
      "canvas:Create new canvas": true,
      "templates:Insert template": true,
      "command-palette:Open command palette": true,
      "zettelkasten-navigation:open zk-index-graph": false,
      "zettelkasten-navigation:open zk-local-graph": false
    }
  },
  "active": "6a93f48bf4d94fb8",
  "lastOpenFiles": [
    "zettels/9.8a.md",
    "zettels/9.8,3.md",
    "zettels/9.8,2.md",
    "zettels/9.8,1.md",
    "zettels/9.8.md",
    "keywords/Zettelkasten.md",
    "ReadMe.md",
    "2024-12-01 15.53.08.canvas",
    "2024-11-30 22.55.17.canvas",
    "2024-11-30 22.54.59.canvas",
    "2024-11-30 22.38.05.canvas",
    "keywords",
    "zettels/9.8j.md",
    "zettels/9.8i.md",
    "zettels/9.8h.md",
    "zettels/9.8g.md",
    "zettels/9.8f.md",
    "zettels/9.8e.md",
    "zettels/9.8d.md",
    "zettels/9.8c.md",
    "zettels/9.8b2.md",
    "zettels/9.8b1.md",
    "zettels/9.8b.md",
    "zettels/9.8a2.md",
    "zettels/9.8a1.md",
    "Templates/主笔记模板1.md",
    "右键菜单.md",
    "MainNotes/B804.md",
    "Templates",
    "2024-10-22 17.36.38.canvas",
    "MainNotes/B804-1-1.md",
    "MainNotes/F224.5-1C-1A.md",
    "2024-09-12 18.50.49.canvas",
    "2024-09-12 17.40.41.canvas",
    "2024-09-12 17.38.24.canvas",
    "2024-09-12 17.38.50.canvas",
    "2024-09-12 17.35.38.canvas",
    "index",
    "Case2",
    "Case1",
    "Case3",
    "zettels",
    "SmileySans-Oblique.ttf",
    "Templates",
    "Index"
  ]
}